{"tfjsVersion":"1.3.1","tmVersion":"2.4.7","packageVersion":"0.8.4-alpha2","packageName":"@teachablemachine/image","timeStamp":"2024-08-17T11:59:01.304Z","userMetadata":{},"modelName":"Baseball team identifier","labels":["Phillies","Pirates","Orioles","Dodgers","Astros","Guardians","Mariners","Cardinals","Rockies","Padres","Braves","Nationals","Mets","Athletics","Rays","Red Sox","White Sox","Blue Jays","Rangers","Yankees","Brewers","Twins","LA Angels","Reds","Giants","Tigers","Marlins logo","Royals","Diamond Backs"],"imageSize":224}